path,bb_x1,bb_y1,bb_x2,bb_y2,width,height,cara_cubierta
failed_aligned_1.jpg,1041.0054,1052.262,2346.7195,2922.9941,3419,5368,1
failed_aligned_10.jpg,705.65173,734.7025,2112.0427,2602.2822,2960,3700,1
failed_aligned_100.jpg,1798.8396,1272.0261,2810.5278,2978.6497,3456,5184,1
failed_aligned_101.jpg,1451.473,1599.8187,2338.0178,2563.8848,3498,5472,1
failed_aligned_103.jpg,2218.7495,767.62085,3372.4834,2033.2826,5184,3456,1
failed_aligned_104.jpg,1051.6567,1347.3282,3488.451,4518.34,4480,6720,1
failed_aligned_105.jpg,1606.2394,1556.1246,2680.9055,3650.0781,4480,6720,1
failed_aligned_106.jpg,1792.7369,1784.7517,2647.3616,3207.0066,4480,6720,1
failed_aligned_107.jpg,974.0527,995.40344,1672.8307,1749.9479,2912,4368,1
failed_aligned_108.jpg,1570.2032,976.0703,2970.6611,2990.252,4878,4878,1
failed_aligned_109.jpg,567.82996,679.9491,1475.9218,1598.7902,2000,2000,1
failed_aligned_11.jpg,1303.1879,2593.4954,2490.2869,4500.523,4000,6000,1
failed_aligned_110.jpg,1119.3674,28.658365,2266.883,1413.8679,2599,1949,1
failed_aligned_111.jpg,1088.8116,1035.9541,1990.2661,2105.119,2881,4322,1
failed_aligned_113.jpg,2514.4,720.31024,3434.8477,2086.7012,6095,4063,1
failed_aligned_114.jpg,1247.2227,2851.0046,2586.6736,5020.0874,4160,6240,1
failed_aligned_116.jpg,1161.5275,986.35034,2008.7931,1938.0042,3264,4896,1
failed_aligned_117.jpg,2619.047,1116.0228,3718.897,2404.663,6240,4160,1
failed_aligned_118.jpg,1536.738,761.3324,1861.0614,1154.7089,4160,2768,1
failed_aligned_119.jpg,1550.5311,1375.5386,2792.2695,2833.158,4000,6000,1
failed_aligned_12.jpg,3114.3496,1016.7184,5544.88,4024.2903,8192,5464,1
failed_aligned_120.jpg,1225.9911,1801.821,2316.1426,2905.6477,3265,4898,1
failed_aligned_121.jpg,1757.4124,896.40936,3400.2222,3064.1345,5532,4000,1
failed_aligned_122.jpg,923.8126,1559.3527,2160.2114,3106.375,4000,6000,1
failed_aligned_123.jpg,2239.5366,2779.5078,3164.1626,3837.5403,4880,7312,1
failed_aligned_124.jpg,1343.7307,2736.7388,2298.6575,3994.6665,4000,6000,1
failed_aligned_125.jpg,2781.9556,785.1717,4206.594,2394.5996,6720,4480,1
failed_aligned_126.jpg,1354.4271,2597.8247,2443.4753,3561.446,4000,6000,1
failed_aligned_128.jpg,1005.51917,1519.7162,2190.0273,3015.6401,3456,5184,1
failed_aligned_129.jpg,1273.4525,799.52106,2598.291,2401.8774,3755,4694,1
failed_aligned_13.jpg,2379.5002,1044.1498,3441.7615,2291.6443,5792,8688,1
failed_aligned_130.jpg,685.67816,1538.7164,1922.3698,3655.566,3337,5000,1
failed_aligned_131.jpg,1836.595,713.4877,2383.775,1487.2455,4300,2868,1
failed_aligned_132.jpg,1567.0941,1582.2537,2861.048,3408.5752,4000,6000,1
failed_aligned_133.jpg,1910.4929,1782.1147,3085.3777,3817.473,3456,5184,1
failed_aligned_134.jpg,2035.9166,711.6115,3247.5562,2029.0587,5760,3840,1
failed_aligned_135.jpg,2632.5122,1532.0502,3482.3743,2468.9685,6000,4000,1
failed_aligned_136.jpg,1726.9833,2226.606,2236.5947,2917.5647,3871,5908,1
failed_aligned_137.jpg,661.7652,880.1805,2406.1604,2984.5186,2912,5184,1
failed_aligned_138.jpg,1616.9565,1994.6267,2341.111,3498.996,4480,6720,1
failed_aligned_139.jpg,933.33185,1408.6064,2692.2703,3695.1372,3648,5472,1
failed_aligned_14.jpg,2012.8579,1339.8854,3442.6443,2860.8413,5802,3873,1
failed_aligned_140.jpg,1216.6471,1278.7206,2827.3054,3124.108,4000,6000,1
failed_aligned_142.jpg,1154.0182,857.52716,2103.7688,2188.9146,4000,6000,1
failed_aligned_143.jpg,1083.7676,970.5385,2595.8425,2855.483,3637,5456,1
failed_aligned_144.jpg,1953.6497,1218.647,3088.7666,2638.5256,3744,5616,1
failed_aligned_145.jpg,1636.8145,1576.024,2797.4395,3243.077,4480,6720,1
failed_aligned_147.jpg,1430.339,2423.1572,1994.4836,3297.8694,3648,5472,1
failed_aligned_148.jpg,1685.7764,2469.0461,2723.4463,4400.0293,4265,6397,1
failed_aligned_15.jpg,1493.2816,595.2659,3098.9329,2485.3647,5752,3835,1
failed_aligned_151.jpg,1177.9562,609.85297,1636.0468,1493.4366,2736,4104,1
failed_aligned_152.jpg,1012.22534,742.1413,1897.3269,1904.1165,3744,5616,1
failed_aligned_153.jpg,1545.6743,878.02264,2723.5562,2531.7983,4000,6000,1
failed_aligned_154.jpg,1162.8354,1237.0563,2185.8625,2458.8582,3189,4783,1
failed_aligned_155.jpg,2262.4675,3246.4377,2607.2986,3844.5984,4000,6000,1
failed_aligned_157.jpg,1153.1844,897.86847,2779.955,2970.8022,3892,5912,1
failed_aligned_158.jpg,1562.5938,1218.7334,2839.4597,3992.0298,4024,5747,1
failed_aligned_16.jpg,972.1855,1338.3965,1499.7605,1949.0746,2764,4145,1
failed_aligned_161.jpg,1309.7228,1852.9435,2592.9324,3521.893,3309,4964,1
failed_aligned_162.jpg,715.44403,1086.2053,2286.911,3042.3264,3373,5059,1
failed_aligned_163.jpg,2457.9976,970.3393,4382.965,3801.2998,6720,4480,1
failed_aligned_164.jpg,2514.7585,861.277,4685.709,4101.562,6720,4480,1
failed_aligned_165.jpg,1396.4894,1092.603,2717.8733,2384.9531,4000,6000,1
failed_aligned_166.jpg,550.3729,2090.5344,1662.2317,3532.3125,2987,4480,1
failed_aligned_167.jpg,1505.7239,1292.7893,2885.3557,3389.153,4480,6720,1
failed_aligned_168.jpg,1484.005,1931.5707,2611.946,4939.94,4000,6000,1
failed_aligned_169.jpg,1264.4797,1037.2906,2686.0378,2826.953,3456,5184,1
failed_aligned_17.jpg,818.7483,1272.0425,1859.3223,3086.3127,3494,4578,1
failed_aligned_170.jpg,1761.903,831.05524,3076.77,2577.7583,4992,3456,1
failed_aligned_173.jpg,691.1022,943.6218,1282.8214,1748.8623,2000,3002,1
failed_aligned_175.jpg,1692.3094,811.6854,3120.5024,3514.5986,3690,4920,1
failed_aligned_177.jpg,1032.966,717.6445,2096.3582,2046.6722,3452,5178,1
failed_aligned_178.jpg,1362.6279,3727.633,2891.3445,5553.793,4480,6720,1
failed_aligned_179.jpg,675.4895,1021.47406,2687.77,3235.912,3000,4500,1
failed_aligned_18.jpg,1587.7599,828.9146,2118.5261,1524.6924,3276,4096,1
failed_aligned_180.jpg,1000.8346,850.339,1674.6897,1806.6476,2817,4225,1
failed_aligned_181.jpg,1972.5599,74.25331,3790.271,2396.5037,5651,3767,1
failed_aligned_182.jpg,640.1498,2223.9058,2444.566,4805.501,4000,6000,1
failed_aligned_183.jpg,1762.0284,1350.97,2322.832,2084.86,3874,5811,1
failed_aligned_184.jpg,1495.899,1958.4633,2442.5732,2914.3882,3806,5709,1
failed_aligned_185.jpg,949.4427,836.49945,1247.266,1326.5255,2384,3576,1
failed_aligned_186.jpg,682.87225,350.87933,960.7857,770.7061,1688,2591,1
failed_aligned_187.jpg,1801.7356,1802.9043,2286.804,2384.72,4024,6024,1
failed_aligned_189.jpg,2768.6104,1424.6733,4596.1294,3970.8875,7072,5304,1
failed_aligned_19.jpg,2242.2253,824.59186,3326.1038,2062.4893,4696,3354,1
failed_aligned_190.jpg,1169.9108,1198.5342,3801.3691,4220.063,4480,6720,1
failed_aligned_191.jpg,516.0042,910.08655,1088.12,1651.3264,2058,3256,1
failed_aligned_192.jpg,1150.8458,1290.7993,2432.5461,3438.6343,3470,5205,1
failed_aligned_193.jpg,2047.667,1768.3652,2625.2986,2400.804,3333,5000,1
failed_aligned_194.jpg,1527.8856,2005.7201,3819.7642,4614.652,5304,7952,1
failed_aligned_195.jpg,1816.7659,2559.4517,3803.1216,4766.6484,5304,7952,1
failed_aligned_196.jpg,1497.8584,1226.121,1896.5916,1960.3296,3091,4636,1
failed_aligned_197.jpg,1247.3632,694.62714,1990.4453,2035.0571,2777,3528,1
failed_aligned_198.jpg,946.7234,858.11597,2091.3438,2511.3652,2832,4256,1
failed_aligned_199.jpg,1092.8698,958.13135,2392.0535,2603.4624,2832,4176,1
failed_aligned_2.jpg,1316.2698,1246.2308,2588.3062,2408.4133,4016,4016,1
failed_aligned_20.jpg,1800.4624,965.2711,2642.8552,2226.0127,5039,3359,1
failed_aligned_201.jpg,1960.3834,1720.9452,2744.6724,2788.0833,4000,6000,1
failed_aligned_202.jpg,1467.2947,629.77124,2703.6953,2380.708,3836,5505,1
failed_aligned_203.jpg,869.4577,1496.5658,1690.8209,3032.1687,2592,3872,1
failed_aligned_204.jpg,2181.495,546.44104,3301.162,1785.2515,5472,2942,1
failed_aligned_205.jpg,1489.0728,833.3873,2454.3203,1744.3284,3796,5694,1
failed_aligned_207.jpg,1843.8098,1055.4059,2789.7122,2288.5183,4480,6720,1
failed_aligned_208.jpg,1677.288,957.435,2398.6191,1877.6174,3840,5760,1
failed_aligned_209.jpg,610.4646,1115.122,1722.4944,2453.2832,2667,4000,1
failed_aligned_21.jpg,1787.9089,1323.7646,2323.1743,1868.6051,4160,5547,1
failed_aligned_211.jpg,1242.8379,1541.2725,2090.9375,3055.7085,3672,5283,1
failed_aligned_212.jpg,1426.8517,1301.8882,2298.032,2291.296,3604,5603,1
failed_aligned_213.jpg,1008.03827,349.28702,1370.6123,837.7821,2250,3000,1
failed_aligned_214.jpg,1478.2017,635.4569,2790.7551,2100.1099,3744,5616,1
failed_aligned_215.jpg,1449.8171,1142.5684,2728.1333,2994.5986,4160,6240,1
failed_aligned_217.jpg,1242.4113,1981.394,2424.7012,4132.754,4095,6143,1
failed_aligned_218.jpg,87.05782,743.0321,2875.1558,4004.6814,3162,4743,1
failed_aligned_219.jpg,934.54944,357.91837,1736.0632,932.5327,1979,1325,1
failed_aligned_22.jpg,1332.0806,2333.576,2371.1008,3700.0068,4160,6240,1
failed_aligned_220.jpg,1621.1104,1334.3661,2091.05,2046.3591,3199,4800,1
failed_aligned_221.jpg,1292.9675,738.19885,2641.837,3207.8372,3840,5760,1
failed_aligned_222.jpg,1371.7902,2107.5874,2469.6099,3075.94,3456,5184,1
failed_aligned_224.jpg,1313.217,1119.6129,2270.4539,2417.023,3878,5809,1
failed_aligned_225.jpg,1432.4043,816.6842,2097.337,1569.3625,3471,5199,1
failed_aligned_226.jpg,1291.7894,522.9559,2007.8429,1610.6261,3605,5400,1
failed_aligned_23.jpg,1174.4952,1415.5515,2721.7285,3828.9805,3464,5196,1
failed_aligned_233.jpg,1313.736,829.1368,2524.9463,2329.5222,4200,3000,1
failed_aligned_234.jpg,1564.5045,1136.7728,2709.629,2856.403,4371,6556,1
failed_aligned_235.jpg,2032.3704,51.984856,3867.9846,2081.4253,5301,3534,1
failed_aligned_236.jpg,1495.8821,1839.0453,2748.2263,3946.6345,4160,6240,1
failed_aligned_237.jpg,801.7998,1857.2307,2241.233,3847.4834,3648,5472,1
failed_aligned_238.jpg,1483.0109,966.7239,2570.087,3210.977,4480,6720,1
failed_aligned_24.jpg,1745.179,1481.0629,2838.435,2914.7422,4480,6720,1
failed_aligned_240.jpg,1257.635,1344.5012,2220.5774,2506.8987,3797,4746,1
failed_aligned_241.jpg,837.54285,1146.3607,3053.2969,4558.3833,3973,5959,1
failed_aligned_242.jpg,694.37384,776.1757,2315.921,3311.2925,2912,4368,1
failed_aligned_243.jpg,3228.6157,919.24567,4229.5117,2071.3542,6000,4000,1
failed_aligned_244.jpg,1516.2953,1592.3936,2347.837,2991.4934,4016,6016,1
failed_aligned_245.jpg,1497.8472,707.9883,2927.6506,3547.5935,4160,6240,1
failed_aligned_248.jpg,2055.8062,1145.8765,4143.2427,2830.9387,6010,4007,1
failed_aligned_249.jpg,1265.9574,1315.2421,2570.5732,2988.79,3826,5750,1
failed_aligned_25.jpg,1085.2052,1814.3376,1864.0323,2768.8176,3448,4592,1
failed_aligned_250.jpg,1189.4291,2015.3574,1866.0256,3475.8284,3851,5777,1
failed_aligned_251.jpg,1199.3936,1741.425,3095.348,4175.7227,3456,5184,1
failed_aligned_252.jpg,1304.371,1350.6066,2434.5208,2929.8594,3663,5494,1
failed_aligned_253.jpg,801.7172,1768.6936,4231.0996,7538.3164,5120,8192,1
failed_aligned_254.jpg,855.8812,905.6379,1097.1831,1255.472,1800,2700,1
failed_aligned_255.jpg,1187.0134,1325.7275,2365.5881,3052.299,4000,6000,1
failed_aligned_256.jpg,1868.8522,1025.0312,3333.8206,2687.339,5434,3623,1
failed_aligned_257.jpg,842.61115,488.6987,1728.5457,1542.8265,2624,3280,1
failed_aligned_258.jpg,1100.0298,1143.3414,2253.9956,3154.5527,3127,4691,1
failed_aligned_259.jpg,1868.3958,2015.0828,2503.097,3379.1826,3840,5760,1
failed_aligned_260.jpg,1018.09,1847.9283,2210.6262,3267.208,4000,6000,1
failed_aligned_261.jpg,2320.416,710.22925,3270.3413,1887.8198,5184,3456,1
failed_aligned_262.jpg,2648.251,1127.6344,3058.763,1830.2723,4000,4000,1
failed_aligned_263.jpg,1401.7222,766.9702,2741.225,2690.774,3744,5616,1
failed_aligned_264.jpg,1199.4325,234.3806,4411.626,3510.0732,6016,4000,1
failed_aligned_265.jpg,1168.4631,1848.3279,2756.324,3671.4392,3800,5350,1
failed_aligned_266.jpg,1141.2872,816.2626,1837.012,1593.4841,2546,3183,1
failed_aligned_267.jpg,1348.97,2029.4796,2235.1238,3107.064,3456,5184,1
failed_aligned_27.jpg,1536.1925,1590.7273,2811.8145,3113.3142,4160,6240,1
failed_aligned_270.jpg,2027.2205,757.4308,3004.9155,2073.6526,4480,6720,1
failed_aligned_271.jpg,1567.4921,549.70294,2305.7341,1578.3243,3456,5184,1
failed_aligned_28.jpg,992.3367,1715.6167,2791.5737,6135.805,4756,7126,1
failed_aligned_29.jpg,1236.4385,1027.4971,1729.7125,1571.2297,2543,3360,1
failed_aligned_3.jpg,882.7262,1491.8425,2165.216,3232.4036,2912,5184,1
failed_aligned_30.jpg,2158.733,1436.1917,3016.8237,2553.6633,4000,6000,1
failed_aligned_31.jpg,913.20013,656.65717,1667.0355,1752.3293,2307,3461,1
failed_aligned_33.jpg,1416.6382,1428.0627,2531.0005,3339.3074,4160,6240,1
failed_aligned_34.jpg,447.61862,1703.0872,2481.4043,3587.0068,2848,4272,1
failed_aligned_36.jpg,658.3987,939.03143,1554.3584,2715.992,2399,3511,1
failed_aligned_37.jpg,2207.1052,1686.9308,2817.5674,2846.9854,3840,5760,1
failed_aligned_38.jpg,1785.4177,774.1297,2872.783,2265.8135,5760,3840,1
failed_aligned_39.jpg,920.2497,712.736,2840.1836,4378.6494,3648,5472,1
failed_aligned_4.jpg,967.234,1957.7668,2778.0547,4351.8774,4000,6000,1
failed_aligned_40.jpg,2442.1003,780.6828,4196.8433,3015.608,5184,3456,1
failed_aligned_41.jpg,1120.3398,1362.1979,2542.179,3426.6562,3648,5472,1
failed_aligned_42.jpg,1492.5924,588.73737,2893.3093,2280.8247,5760,3840,1
failed_aligned_43.jpg,3786.6018,970.234,5236.4395,2933.0835,7680,5120,1
failed_aligned_44.jpg,1170.1809,745.0867,1725.8297,1703.2616,4500,3000,1
failed_aligned_45.jpg,1652.7523,1391.865,2894.768,3437.1038,4550,6100,1
failed_aligned_46.jpg,4824.673,1213.6909,6006.8027,3104.336,7680,5120,1
failed_aligned_47.jpg,711.0441,887.0975,2119.5776,3336.0342,3442,4900,1
failed_aligned_48.jpg,2672.1934,882.6039,3802.527,2795.6104,6700,4595,1
failed_aligned_49.jpg,1911.954,1116.2498,3711.2097,3092.504,5327,4082,1
failed_aligned_51.jpg,1220.0303,1451.7091,3209.5427,3686.706,4000,6000,1
failed_aligned_52.jpg,1187.3439,1924.9127,2815.516,3817.7039,4000,6000,1
failed_aligned_53.jpg,2176.9358,433.53775,4127.289,2087.486,5778,3852,1
failed_aligned_55.jpg,1456.2041,1610.2964,2680.078,3134.4824,3840,5760,1
failed_aligned_56.jpg,540.32806,396.3117,2395.004,2956.4075,2775,4162,1
failed_aligned_57.jpg,1201.0615,988.17084,2754.143,3716.6484,4000,6000,1
failed_aligned_58.jpg,3045.525,730.15686,3957.0261,1832.6891,6000,4000,1
failed_aligned_62.jpg,1719.9233,1713.6157,2703.322,2817.0115,4160,6240,1
failed_aligned_63.jpg,494.44223,881.10095,1671.0266,2514.1348,2333,3500,1
failed_aligned_65.jpg,1371.0939,1929.582,2071.803,2722.4104,4000,6000,1
failed_aligned_66.jpg,1189.9606,2170.0305,2234.3586,3472.9346,3367,5051,1
failed_aligned_67.jpg,935.1297,851.0637,2618.1199,2997.6934,3327,4991,1
failed_aligned_68.jpg,583.1235,850.8122,1473.5742,2342.443,2160,3840,1
failed_aligned_69.jpg,2344.548,1290.6572,3846.8005,3159.702,7360,4912,1
failed_aligned_7.jpg,2084.8276,1623.7223,3696.972,3695.9712,5304,7952,1
failed_aligned_70.jpg,1893.9093,1133.4275,3259.782,4256.549,4905,6685,1
failed_aligned_71.jpg,2105.0754,765.60876,3334.8513,4509.207,4905,7358,1
failed_aligned_73.jpg,1747.9272,1510.358,2924.9907,3671.3792,4000,6000,1
failed_aligned_74.jpg,1674.8447,2140.3384,2550.6394,3390.4734,3865,5797,1
failed_aligned_75.jpg,567.38745,543.3992,1238.9015,1724.3496,2000,3000,1
failed_aligned_76.jpg,1259.7107,1645.9784,2458.7852,3067.4666,3648,5472,1
failed_aligned_77.jpg,1477.9243,1372.1294,2532.6724,2536.1636,3898,5847,1
failed_aligned_79.jpg,419.77167,1108.7404,1333.2755,2245.4597,3663,2747,1
failed_aligned_80.jpg,1250.4875,1804.8317,2797.8474,3797.76,4000,6000,1
failed_aligned_81.jpg,1161.8143,1119.0697,1913.0334,1985.9772,2333,3500,1
failed_aligned_82.jpg,1256.183,1134.7085,2395.2578,2598.6226,3631,5447,1
failed_aligned_83.jpg,386.04675,2382.3433,1351.3163,3886.724,3478,5217,1
failed_aligned_84.jpg,874.7818,1680.089,3120.2888,4221.0205,3840,5760,1
failed_aligned_86.jpg,2338.2798,699.7734,2749.6636,1198.7208,3500,2333,1
failed_aligned_87.jpg,444.1619,716.45886,2057.8499,2499.9158,2333,3500,1
failed_aligned_88.jpg,1306.0192,1220.8362,2321.5557,3360.5066,3846,5769,1
failed_aligned_89.jpg,1441.9841,1967.4812,2821.617,4248.233,4013,6020,1
failed_aligned_9.jpg,1249.692,1122.1608,1484.1398,1509.7816,2384,4240,1
failed_aligned_93.jpg,711.5269,655.457,1419.4208,1750.8124,2333,3500,1
failed_aligned_94.jpg,3184.7827,1093.4984,4357.3057,2546.6296,6078,4052,1
failed_aligned_95.jpg,1012.53595,841.431,2594.7424,2720.5112,5472,3648,1
failed_aligned_96.jpg,2078.1763,644.36273,3298.8374,2401.1787,4936,3291,1
failed_aligned_97.jpg,2755.6265,1545.766,4078.8596,2802.0286,7107,4740,1
failed_aligned_98.jpg,428.91483,274.4258,2599.8467,3191.2432,3107,4660,1
failed_aligned_99.jpg,670.1315,517.9647,1667.8444,2212.6567,1984,2976,1
val_1.jpg,223.50912,248.00464,741.47754,859.0685,1024,1024,1
val_10.jpg,254.28128,230.78777,787.551,726.00696,1024,1024,1
val_100.jpg,241.5769,137.98398,785.39185,866.4309,1024,1024,1
val_101.jpg,272.5666,97.29437,750.898,968.11285,1024,1024,1
val_102.jpg,289.01715,109.46106,916.34625,857.3131,1024,1024,1
val_103.jpg,273.79495,98.06378,797.5637,855.3868,1024,1024,1
val_104.jpg,258.14395,179.96194,820.7041,958.9531,1024,1024,1
val_105.jpg,231.22571,158.5404,794.86316,951.8894,1024,1024,1
val_106.jpg,111.300446,230.04193,739.0818,931.2597,1024,1024,1
val_107.jpg,327.47638,184.79532,823.24835,859.95544,1024,1024,1
val_108.jpg,219.59659,197.93896,783.91223,889.6831,1024,1024,1
val_109.jpg,248.56894,103.97714,776.03,779.67786,1024,1024,1
val_11.jpg,219.60724,130.50955,766.78546,930.5049,1024,1024,1
val_110.jpg,271.8061,262.7439,808.7646,814.62134,1024,1024,1
val_111.jpg,181.62988,151.62234,715.2249,765.14417,1024,1024,1
val_113.jpg,162.93103,73.5069,840.1294,750.2662,1024,1024,1
val_114.jpg,278.98615,231.24387,896.96063,816.6697,1024,1024,1
val_115.jpg,225.29077,293.654,875.5333,803.98883,1024,1024,1
val_116.jpg,166.53189,140.0936,732.64294,763.22656,1024,1024,1
val_117.jpg,197.0776,181.8093,843.1985,777.34045,1024,1024,1
val_119.jpg,122.646515,133.5798,809.29407,822.74097,1024,1024,1
val_12.jpg,164.19125,123.339386,851.18823,697.02625,1024,1024,1
val_120.jpg,167.47067,103.556946,762.45483,908.522,1024,1024,1
val_121.jpg,212.98868,110.7045,724.1063,895.7605,1024,1024,1
val_122.jpg,255.98785,65.2952,807.13226,975.44006,1024,1024,1
val_123.jpg,285.65894,243.95691,810.2749,997.3685,1024,1024,1
val_124.jpg,233.52081,60.541595,743.26715,946.85925,1024,1024,1
val_125.jpg,84.41525,77.358215,800.4409,859.0877,1024,1024,1
val_126.jpg,234.16293,193.58759,790.19507,851.6639,1024,1024,1
val_127.jpg,250.82936,273.62964,735.82,801.0748,1024,1024,1
val_128.jpg,266.03375,161.49054,765.02655,907.62286,1024,1024,1
val_129.jpg,248.04085,227.00461,755.1616,809.9967,1024,1024,1
val_13.jpg,239.26263,218.956,760.3376,946.29535,1024,1024,1
val_130.jpg,269.6016,170.56729,820.96655,928.4972,1024,1024,1
val_132.jpg,303.5747,155.74619,751.6189,938.0521,1024,1024,1
val_134.jpg,169.23529,202.33838,785.5091,803.36096,1024,1024,1
val_135.jpg,214.70724,273.85034,892.60205,953.93616,1024,1024,1
val_136.jpg,104.78833,109.51907,725.1199,748.1653,1024,1024,1
val_137.jpg,169.99936,79.50522,861.3092,984.8679,1024,1024,1
val_139.jpg,239.97885,189.9653,773.21375,986.5259,1024,1024,1
val_14.jpg,194.9408,190.45648,795.0068,917.69977,1024,1024,1
val_140.jpg,141.48431,205.4057,767.0841,792.9301,1024,1024,1
val_141.jpg,277.8617,53.33957,815.50684,994.5819,1024,1024,1
val_142.jpg,214.28577,52.93051,881.13806,944.87317,1024,1024,1
val_143.jpg,291.63547,289.62674,706.4429,823.6836,1024,1024,1
val_144.jpg,216.07092,52.678223,729.6001,893.8488,1024,1024,1
val_145.jpg,224.73329,267.11264,736.335,857.1886,1024,1024,1
val_146.jpg,249.03232,79.26172,827.1206,934.5874,1024,1024,1
val_147.jpg,207.01166,236.47012,830.35846,983.75195,1024,1024,1
val_148.jpg,209.46008,191.10577,830.64526,944.2128,1024,1024,1
val_149.jpg,219.79117,200.16989,800.42883,929.45325,1024,1024,1
val_15.jpg,181.09244,187.32407,809.6633,1029.8965,1024,1024,1
val_150.jpg,212.24875,228.31326,787.37756,947.67285,1024,1024,1
val_151.jpg,276.7517,249.15543,777.65186,858.1371,1024,1024,1
val_152.jpg,299.07825,164.84845,842.5089,924.097,1024,1024,1
val_153.jpg,270.89926,165.94388,752.4252,852.18176,1024,1024,1
val_154.jpg,214.77908,147.68149,815.52124,848.4133,1024,1024,1
val_155.jpg,208.08417,146.97604,770.9028,916.34827,1024,1024,1
val_156.jpg,267.03064,234.49246,854.28796,875.5906,1024,1024,1
val_157.jpg,390.6131,66.15192,765.2692,919.31226,1024,1024,1
val_158.jpg,258.9184,142.737,565.8328,966.8532,1024,1024,1
val_16.jpg,225.43283,267.07095,782.59326,952.6223,1024,1024,1
val_160.jpg,222.36874,186.53546,792.0952,966.4284,1024,1024,1
val_161.jpg,173.27356,167.5578,861.3906,901.64984,1024,1024,1
val_162.jpg,366.41553,155.10605,706.9498,979.5526,1024,1024,1
val_163.jpg,190.60709,51.73108,774.188,1028.7218,1024,1024,1
val_164.jpg,61.329376,90.771484,768.31555,907.7783,1024,1024,1
val_165.jpg,319.04877,114.6207,745.08673,990.3871,1024,1024,1
val_166.jpg,282.3644,219.27127,770.3281,867.45374,1024,1024,1
val_167.jpg,286.67136,70.144135,853.0502,894.43225,1024,1024,1
val_169.jpg,226.81805,128.629,815.93744,879.4022,1024,1024,1
val_17.jpg,272.2403,244.79758,743.1665,936.0121,1024,1024,1
val_170.jpg,280.284,109.629425,785.3554,993.1594,1024,1024,1
val_171.jpg,185.08542,192.82382,555.11304,562.3521,759,813,1
val_172.jpg,251.13046,213.65814,747.02576,885.24506,1024,1024,1
val_173.jpg,277.34427,194.66147,801.62585,834.9313,1024,1024,1
val_174.jpg,226.24509,179.87357,805.984,848.95166,1024,1024,1
val_175.jpg,330.82654,239.54129,815.41675,913.97,1024,1024,1
val_176.jpg,226.98587,124.184265,868.8738,942.66156,1024,1024,1
val_178.jpg,187.74884,212.46832,800.315,852.9311,1024,1024,1
val_179.jpg,234.61191,197.24448,804.3971,924.28235,1024,1024,1
val_18.jpg,264.2289,202.43369,750.9343,935.3224,1024,1024,1
val_180.jpg,43.206482,236.97845,693.6079,904.22003,1024,1024,1
val_181.jpg,236.14307,95.56229,868.2383,915.4138,1024,1024,1
val_182.jpg,268.74414,131.94168,802.3633,953.1638,1024,1024,1
val_183.jpg,232.87909,166.91193,786.94385,908.5208,1024,1024,1
val_184.jpg,221.487,303.1512,775.7557,882.7428,1024,1024,1
val_185.jpg,266.32297,255.1048,802.13635,923.45856,1024,1024,1
val_186.jpg,240.38553,116.543396,776.8618,841.26917,1024,1024,1
val_187.jpg,146.64148,206.6612,774.0481,847.6976,1024,1024,1
val_188.jpg,198.14566,191.87311,745.3683,835.20306,1024,1024,1
val_189.jpg,157.40521,109.79495,803.3956,882.5366,1024,1024,1
val_19.jpg,315.37805,220.86618,757.2478,864.0231,1024,1024,1
val_190.jpg,191.4032,126.56738,851.2096,905.70386,1024,1024,1
val_191.jpg,176.91904,109.00726,772.5565,933.87103,1024,1024,1
val_192.jpg,167.04471,83.88904,884.4763,874.4283,1024,1024,1
val_193.jpg,275.8056,-22.680817,702.4684,972.89453,1024,1024,1
val_194.jpg,185.47168,147.80316,850.6615,941.0358,1024,1024,1
val_195.jpg,223.17331,200.49118,763.1588,929.75903,1024,1024,1
val_196.jpg,265.67627,234.22574,774.719,932.30334,1024,1024,1
val_197.jpg,229.24811,289.62216,825.47125,838.6177,1024,1024,1
val_198.jpg,211.45163,160.18884,775.1731,843.79407,1024,1024,1
val_199.jpg,232.82379,243.98035,804.9633,842.11304,1024,1024,1
val_2.jpg,178.79843,154.50928,830.848,710.85516,1024,1024,1
val_20.jpg,207.1099,78.777954,785.49414,841.18335,1024,1024,1
val_200.jpg,168.85794,212.08633,763.14197,934.20154,1024,1024,1
val_201.jpg,123.381226,180.71707,779.46387,852.6521,1024,1024,1
val_202.jpg,291.80014,230.67764,868.4573,916.0239,1024,1024,1
val_203.jpg,324.2173,221.53952,774.33704,753.41296,1024,1024,1
val_204.jpg,281.28305,165.02402,856.0884,853.4281,1024,1024,1
val_205.jpg,99.90549,67.72775,829.05774,935.3522,1024,1024,1
val_206.jpg,399.8589,87.43906,823.28674,919.13257,1024,1024,1
val_207.jpg,213.7385,281.24823,856.6571,934.26154,1024,1024,1
val_208.jpg,281.33826,128.57852,806.8921,900.33655,1024,1024,1
val_209.jpg,221.88635,206.68143,813.0773,842.82996,1024,1024,1
val_21.jpg,257.20978,273.90942,732.44696,998.8718,1024,1024,1
val_210.jpg,277.5631,127.31439,750.66943,961.0938,1024,1024,1
val_211.jpg,224.50766,220.45917,778.31934,896.7452,1024,1024,1
val_212.jpg,135.76926,186.90457,753.6398,934.8362,1024,1024,1
val_213.jpg,299.73282,163.60947,889.6168,816.2251,1024,1024,1
val_214.jpg,150.38943,131.87198,754.9044,1011.5491,1024,1024,1
val_215.jpg,266.2635,216.07681,828.3343,880.57263,1024,1024,1
val_216.jpg,302.9711,182.85275,705.3154,901.3109,1024,1024,1
val_217.jpg,224.68924,253.24731,801.79004,870.6896,1024,1024,1
val_218.jpg,239.85007,116.82587,780.0547,731.9638,1024,1024,1
val_219.jpg,270.4911,221.97116,795.9877,848.46423,1024,1024,1
val_22.jpg,230.40369,118.4733,817.42664,943.131,1024,1024,1
val_220.jpg,290.43985,133.02234,718.09875,738.14233,1024,1024,1
val_221.jpg,177.15485,52.886353,879.7308,940.0676,1024,1024,1
val_222.jpg,170.48761,167.53821,670.695,773.5551,1024,1024,1
val_223.jpg,220.38553,236.84058,743.17834,861.8833,1024,1024,1
val_225.jpg,279.08752,235.45041,778.58276,876.2407,1024,1024,1
val_226.jpg,251.04988,206.44467,724.06396,926.35376,1024,1024,1
val_227.jpg,161.97137,215.36102,758.23816,827.8555,1024,1024,1
val_229.jpg,214.7189,167.11917,752.614,836.71765,1024,1024,1
val_23.jpg,282.09943,206.72592,728.98157,884.1825,1024,1024,1
val_230.jpg,212.05243,149.89319,745.90393,845.0675,1024,1024,1
val_231.jpg,259.08994,180.97293,832.0051,879.63745,1024,1024,1
val_232.jpg,207.82376,340.35587,746.78955,944.3373,1024,1024,1
val_234.jpg,229.77823,390.73083,745.30383,829.00146,1024,1024,1
val_235.jpg,224.78427,329.98032,801.97363,868.2644,1024,1024,1
val_236.jpg,259.73746,199.07993,779.286,826.9392,1024,1024,1
val_237.jpg,228.11264,278.69217,794.6454,898.1897,1024,1024,1
val_238.jpg,290.97064,350.308,753.5335,834.51025,1024,1024,1
val_239.jpg,131.98712,148.66138,818.38324,870.00037,1024,1024,1
val_24.jpg,306.5008,131.9367,759.2603,892.3178,1024,1024,1
val_240.jpg,198.96127,268.69495,800.1185,923.63684,1024,1024,1
val_241.jpg,243.8475,167.15662,792.58215,852.8262,1024,1024,1
val_242.jpg,256.62024,137.85516,703.10046,944.10626,1024,1024,1
val_243.jpg,203.12775,276.89954,797.3443,820.90466,1024,1024,1
val_244.jpg,282.07147,271.05618,683.83014,712.5525,1024,1024,1
val_245.jpg,241.08481,149.76086,757.8733,923.46484,1024,1024,1
val_246.jpg,147.01968,248.81137,779.95703,886.8406,1024,1024,1
val_247.jpg,253.95615,159.96536,772.65784,801.7589,1024,1024,1
val_248.jpg,371.40997,187.50607,788.73285,897.2654,1024,1024,1
val_249.jpg,465.33746,111.01294,893.62506,934.33765,1024,1024,1
val_25.jpg,213.0863,89.80237,805.14844,947.0509,1024,1024,1
val_250.jpg,207.3616,222.0899,821.454,972.6706,1024,1024,1
val_251.jpg,258.16055,143.42584,830.5387,886.1879,1024,1024,1
val_252.jpg,244.20456,98.02307,726.426,908.3618,1024,1024,1
val_253.jpg,198.76846,191.46487,788.8699,912.61597,1024,1024,1
val_254.jpg,235.20038,279.52585,729.5168,899.7489,1024,1024,1
val_256.jpg,349.19434,158.21954,804.52,941.6502,1024,1024,1
val_257.jpg,204.7283,245.85336,803.1832,902.35474,1024,1024,1
val_258.jpg,293.0542,175.78427,598.78314,740.43335,1024,1024,1
val_259.jpg,294.07275,173.3978,900.28845,887.0906,1024,1024,1
val_26.jpg,280.09808,261.54105,558.5297,798.1472,1024,1024,1
val_260.jpg,259.0776,117.83414,780.7268,907.94336,1024,1024,1
val_261.jpg,234.19176,122.693146,643.4353,970.8103,1024,1024,1
val_262.jpg,210.1528,123.71344,860.1671,888.1231,1024,1024,1
val_263.jpg,215.98749,252.02847,773.9283,870.0287,1024,1024,1
val_264.jpg,278.12204,236.16306,726.9149,833.7035,1024,1024,1
val_265.jpg,188.01352,226.08414,751.86694,805.3175,1024,1024,1
val_266.jpg,271.57724,235.96252,713.2438,825.98926,1024,1024,1
val_267.jpg,274.19775,228.28296,775.2567,854.1554,1024,1024,1
val_268.jpg,234.22708,204.13669,828.44666,882.8666,1024,1024,1
val_269.jpg,253.08987,136.70148,741.0239,969.7225,1024,1024,1
val_27.jpg,232.07227,185.42615,851.9481,862.56494,1024,1024,1
val_270.jpg,199.7425,153.62704,748.3715,621.6985,1024,1024,1
val_271.jpg,250.05162,183.6763,750.5406,920.9601,1024,1024,1
val_272.jpg,249.82767,282.2711,764.8627,821.6964,1024,1024,1
val_273.jpg,147.90237,231.14566,809.8998,930.074,1024,1024,1
val_274.jpg,311.84848,148.52817,832.26086,836.35815,1024,1024,1
val_275.jpg,22.743591,151.80588,911.06305,953.02844,1024,1024,1
val_276.jpg,288.7754,236.82138,620.5391,909.1742,1024,1024,1
val_277.jpg,226.1507,256.09494,750.60284,864.75146,1024,1024,1
val_279.jpg,230.20807,162.71667,758.7486,902.40674,1024,1024,1
val_28.jpg,219.53995,155.323,813.9673,921.42017,1024,1024,1
val_280.jpg,237.49484,264.95087,764.34546,901.45636,1024,1024,1
val_282.jpg,228.6839,163.93585,786.97424,915.9997,1024,1024,1
val_283.jpg,184.45764,190.11774,769.915,985.5087,1024,1024,1
val_284.jpg,183.14044,78.95679,816.9821,790.2673,1024,1024,1
val_285.jpg,168.13467,116.83365,723.4817,931.39526,1024,1024,1
val_286.jpg,265.2585,245.13156,791.3163,932.37,1024,1024,1
val_287.jpg,224.38864,215.76675,806.0724,834.07214,1024,1024,1
val_288.jpg,72.58731,213.90552,877.59546,891.37683,1024,1024,1
val_289.jpg,423.09332,250.25677,906.0616,919.4472,1024,1024,1
val_29.jpg,198.56714,182.91666,812.1479,906.91284,1024,1024,1
val_291.jpg,237.68463,130.89447,761.5957,860.47845,1024,1024,1
val_292.jpg,278.98764,310.23657,694.32947,846.13306,1024,1024,1
val_293.jpg,196.15115,295.87436,834.9592,967.3794,1024,1024,1
val_294.jpg,220.84634,48.687134,791.91504,856.6151,1024,1024,1
val_295.jpg,214.47876,287.24268,789.6383,918.18115,1024,1024,1
val_296.jpg,265.90216,163.0921,892.21893,762.4746,1024,1024,1
val_297.jpg,255.90164,52.265747,771.3314,786.0901,1024,1024,1
val_298.jpg,253.75008,93.099335,758.1965,953.0499,1024,1024,1
val_299.jpg,295.22836,163.52283,624.5834,1012.95935,1024,1024,1
val_3.jpg,200.01056,163.29022,722.30347,836.4995,1024,1024,1
val_30.jpg,174.84576,194.55566,766.5445,898.7488,1024,1024,1
val_300.jpg,271.4306,201.70609,760.4179,845.2346,1024,1024,1
val_301.jpg,249.27817,153.27222,781.04016,802.74286,1024,1024,1
val_302.jpg,255.81546,124.55258,823.11633,939.6793,1024,1024,1
val_303.jpg,291.29117,168.85657,750.8677,886.9116,1024,1024,1
val_304.jpg,268.98578,167.07407,735.0886,870.45605,1024,1024,1
val_305.jpg,203.90631,129.93356,761.61584,851.1476,1024,1024,1
val_306.jpg,329.11688,130.61026,754.4648,906.547,1024,1024,1
val_307.jpg,181.59537,77.63937,787.2136,946.47363,1024,1024,1
val_308.jpg,317.6219,47.574738,729.1912,983.99316,1024,1024,1
val_309.jpg,863.50433,324.5415,952.0689,453.88428,1024,1024,1
val_31.jpg,210.7464,185.41553,876.2171,887.96594,1024,1024,1
val_310.jpg,312.11957,223.15866,819.5275,915.5919,1024,1024,1
val_311.jpg,381.15082,340.23145,776.91266,834.73047,1024,1024,1
val_312.jpg,285.6458,200.19028,762.20074,895.1858,1024,1024,1
val_313.jpg,167.60312,82.49588,928.6244,840.9629,1024,1024,1
val_314.jpg,247.16824,168.69943,806.124,923.8867,1024,1024,1
val_316.jpg,122.4771,193.68811,630.81775,819.1362,1024,1024,1
val_317.jpg,194.60364,96.69495,778.9959,956.6892,1024,1024,1
val_318.jpg,221.44281,153.01852,822.0903,809.9065,1024,1024,1
val_32.jpg,211.95776,190.078,823.5227,846.626,1024,1024,1
val_320.jpg,153.5357,245.56708,842.6864,813.6807,1024,1024,1
val_321.jpg,208.72784,122.72949,857.6434,752.63635,1024,1024,1
val_323.jpg,248.83755,144.10687,879.80493,906.4455,1024,1024,1
val_324.jpg,110.35135,122.03107,806.93066,802.9868,1024,1024,1
val_325.jpg,231.36652,138.28482,827.5251,971.71204,1024,1024,1
val_326.jpg,154.16501,109.24686,875.63525,1017.9634,1024,1024,1
val_327.jpg,268.23,51.78888,834.3655,975.3841,1024,1024,1
val_328.jpg,144.03983,248.24173,741.6802,955.1886,1024,1024,1
val_33.jpg,221.91977,198.24918,779.478,870.3756,1024,1024,1
val_330.jpg,162.48044,163.8298,822.2925,942.0641,1024,1024,1
val_331.jpg,254.76807,133.83386,795.3251,899.96204,1024,1024,1
val_332.jpg,321.3742,180.32599,768.9218,913.67706,1024,1024,1
val_333.jpg,220.36176,232.04984,811.15546,927.00183,1024,1024,1
val_334.jpg,280.4605,192.04663,727.56757,774.3332,1024,1024,1
val_335.jpg,149.33429,154.68637,893.7601,853.1234,1024,1024,1
val_336.jpg,179.75089,248.39586,827.47107,747.3067,1024,1024,1
val_337.jpg,229.03854,183.90976,836.1937,852.80347,1024,1024,1
val_338.jpg,416.96606,230.33734,837.9867,879.86456,1024,1024,1
val_339.jpg,207.12717,85.51901,871.4048,873.7572,1024,1024,1
val_34.jpg,208.01364,205.36615,830.47327,876.06866,1024,1024,1
val_340.jpg,107.086334,124.28558,725.547,938.8796,1024,1024,1
val_341.jpg,192.06702,103.58606,682.3552,768.52496,1024,1024,1
val_342.jpg,267.68362,81.796844,795.75574,927.176,1024,1024,1
val_343.jpg,290.81122,166.68237,797.9876,805.4392,1024,1024,1
val_344.jpg,262.89453,145.25491,756.1892,990.48706,1024,1024,1
val_346.jpg,206.90674,197.25192,774.4499,862.2117,1024,1024,1
val_348.jpg,203.3176,132.28293,793.1,906.1821,1024,1024,1
val_349.jpg,243.42064,147.17288,711.4763,872.79297,1024,1024,1
val_35.jpg,199.1272,104.06143,860.1067,960.8334,1024,1024,1
val_350.jpg,474.1453,137.92914,799.1515,702.9822,1024,1024,1
val_352.jpg,93.782196,51.972473,840.2991,877.91974,1024,1024,1
val_353.jpg,265.4724,194.0545,867.2965,853.1541,1024,1024,1
val_354.jpg,216.84195,338.03577,803.34204,839.7567,1024,1024,1
val_355.jpg,261.94562,186.36676,769.6695,705.08,1024,1024,1
val_356.jpg,217.53629,175.20828,811.8104,927.5115,1024,1024,1
val_357.jpg,265.9402,264.40393,787.29785,976.1946,1024,1024,1
val_358.jpg,264.89703,128.20065,760.543,822.7997,1024,1024,1
val_359.jpg,258.77823,171.93451,785.7014,928.6573,1024,1024,1
val_36.jpg,235.92346,157.90509,897.31287,839.2835,1024,1024,1
val_360.jpg,299.51166,211.87204,753.33966,873.0205,1024,1024,1
val_361.jpg,147.39072,195.39444,798.0585,930.16895,1024,1024,1
val_362.jpg,289.81573,151.43878,954.3863,982.8934,1024,1024,1
val_363.jpg,218.85669,182.51578,785.17804,872.953,1024,1024,1
val_364.jpg,200.50916,186.78357,802.04944,844.6758,1024,1024,1
val_365.jpg,247.6626,-13.948364,767.9311,782.7302,1024,1024,1
val_366.jpg,131.6224,91.0018,820.78735,917.49927,1024,1024,1
val_367.jpg,198.35336,217.25125,799.8926,780.54297,1024,1024,1
val_368.jpg,206.98743,264.58096,810.84656,816.569,1024,1024,1
val_369.jpg,243.65775,165.81442,750.76697,938.2501,1024,1024,1
val_37.jpg,189.82367,108.27112,822.82825,712.3499,1024,1024,1
val_370.jpg,454.9236,178.51364,791.78674,596.7136,1024,1024,1
val_371.jpg,226.45673,264.1241,774.93665,856.2107,1024,1024,1
val_373.jpg,274.57526,585.0013,432.4112,748.2664,1024,1024,1
val_374.jpg,277.91833,118.407196,840.74146,937.3273,1024,1024,1
val_375.jpg,122.64575,41.548706,778.24255,1001.1605,1024,1024,1
val_376.jpg,105.34686,88.216705,698.52765,872.4828,1024,1024,1
val_377.jpg,215.37299,270.60797,767.35077,929.64557,1024,1024,1
val_378.jpg,306.18005,153.38779,742.2511,908.40393,1024,1024,1
val_379.jpg,275.21045,199.5889,746.0678,742.1957,1024,1024,1
val_38.jpg,295.94586,235.88321,891.04266,922.04236,1024,1024,1
val_380.jpg,343.94507,119.43622,826.2589,949.44305,1024,1024,1
val_381.jpg,213.44968,154.60062,811.4949,889.84314,1024,1024,1
val_382.jpg,260.61032,155.12216,829.1581,937.79956,1024,1024,1
val_383.jpg,325.9429,174.28879,689.50964,857.1553,1024,1024,1
val_384.jpg,62.602295,48.01346,829.3088,896.7134,1024,1024,1
val_385.jpg,297.4724,226.63757,780.2373,978.583,1024,1024,1
val_386.jpg,438.71786,137.0639,760.8729,967.6578,1024,1024,1
val_388.jpg,275.53345,262.56198,775.1703,892.7699,1024,1024,1
val_389.jpg,207.05276,63.50641,805.2704,953.25903,1024,1024,1
val_39.jpg,240.9748,196.0037,781.0747,938.90063,1024,1024,1
val_390.jpg,306.2255,238.28769,817.75305,918.59204,1024,1024,1
val_391.jpg,297.74316,95.27426,593.8954,903.6665,1024,1024,1
val_392.jpg,361.77423,323.05063,761.70135,856.6128,1024,1024,1
val_393.jpg,191.10031,158.56592,598.2688,950.88025,1024,1024,1
val_395.jpg,256.8813,183.39355,737.87976,936.68445,1024,1024,1
val_396.jpg,186.0635,191.65506,797.49036,982.4133,1024,1024,1
val_397.jpg,220.13882,127.79913,794.6636,906.29767,1024,1024,1
val_398.jpg,215.26028,111.65518,770.99756,970.2418,1024,1024,1
val_399.jpg,231.47058,196.34885,758.1051,825.6122,1024,1024,1
val_4.jpg,259.81287,323.3239,754.1172,866.7443,1024,1024,1
val_40.jpg,244.35828,80.47363,863.902,951.00586,1024,1024,1
val_400.jpg,176.6417,153.26999,937.194,821.88806,1024,1024,1
val_401.jpg,174.66525,130.03732,733.10376,893.79724,1024,1024,1
val_402.jpg,221.37852,397.3774,547.7532,884.10034,1024,1024,1
val_403.jpg,215.02419,108.06024,712.6948,903.0929,1024,1024,1
val_404.jpg,330.4603,244.23615,744.3219,914.30145,1024,1024,1
val_405.jpg,423.4464,291.9792,873.078,899.3726,1024,1024,1
val_406.jpg,153.79617,262.80933,786.0309,878.6671,1024,1024,1
val_407.jpg,154.0195,99.96808,767.4496,992.4168,1024,1024,1
val_408.jpg,230.32495,158.26947,856.891,893.78204,1024,1024,1
val_409.jpg,157.3458,143.12082,835.6288,822.6078,1024,1024,1
val_41.jpg,257.87933,149.63669,768.85614,701.7117,1024,1024,1
val_410.jpg,109.007935,118.2717,803.5525,870.5724,1024,1024,1
val_411.jpg,231.40848,272.3188,809.2606,939.4235,1024,1024,1
val_412.jpg,225.41458,313.0726,795.5792,877.9934,1024,1024,1
val_413.jpg,201.49654,152.17963,553.11115,966.92096,1024,1024,1
val_414.jpg,193.52603,267.33624,765.61975,847.2746,1024,1024,1
val_415.jpg,243.79013,96.97583,768.1366,957.89,1024,1024,1
val_416.jpg,191.53326,58.73398,778.80597,979.45215,1024,1024,1
val_417.jpg,82.82834,62.82498,776.2269,932.9492,1024,1024,1
val_418.jpg,256.07245,86.28934,787.9576,812.1467,1024,1024,1
val_419.jpg,179.78311,268.15335,717.54846,939.7932,1024,1024,1
val_42.jpg,229.66821,183.87393,821.8888,991.78625,1024,1024,1
val_420.jpg,175.27606,130.92685,816.09357,928.3462,1024,1024,1
val_421.jpg,95.39017,191.72116,681.97766,878.23865,1024,1024,1
val_422.jpg,67.75137,89.327545,459.2031,457.34067,1024,1024,1
val_423.jpg,269.47455,121.79233,700.2308,714.5978,1024,1024,1
val_424.jpg,256.6822,169.18027,805.6823,976.43384,1024,1024,1
val_425.jpg,95.16095,11.882202,776.42035,971.6273,1024,1024,1
val_426.jpg,168.11368,264.2219,866.3635,760.4949,1024,1024,1
val_427.jpg,169.9049,174.6611,740.07794,902.3567,1024,1024,1
val_428.jpg,293.96332,70.57181,788.9847,919.24365,1024,1024,1
val_429.jpg,212.4317,261.56937,792.5755,820.02344,1024,1024,1
val_43.jpg,283.40857,237.16324,724.27576,781.8462,1024,1024,1
val_430.jpg,270.62494,87.78299,811.59296,881.0923,1024,1024,1
val_431.jpg,186.98218,152.11295,779.3807,708.19714,1024,1024,1
val_432.jpg,193.15729,276.5419,754.36346,806.9575,1024,1024,1
val_433.jpg,184.92331,99.842804,762.9933,913.65283,1024,1024,1
val_434.jpg,183.7984,206.72916,800.11676,859.9076,1024,1024,1
val_435.jpg,157.50159,220.99387,789.2645,817.63416,1024,1024,1
val_436.jpg,131.16562,122.31436,714.41895,932.0377,1024,1024,1
val_437.jpg,224.71725,140.65677,778.9606,802.5043,1024,1024,1
val_438.jpg,192.94223,78.87436,778.2197,921.8463,1024,1024,1
val_439.jpg,173.46213,187.2938,766.7709,802.6089,1024,1024,1
val_44.jpg,250.32666,187.87234,780.3865,786.3971,1024,1024,1
val_440.jpg,175.99484,129.64713,700.192,847.265,1024,1024,1
val_441.jpg,215.71857,195.20071,875.36176,860.30884,1024,1024,1
val_442.jpg,288.12057,239.33633,740.6832,893.89856,1024,1024,1
val_443.jpg,189.76097,252.8309,618.1825,979.25684,1024,1024,1
val_444.jpg,262.91858,112.2168,777.7523,864.2372,1024,1024,1
val_445.jpg,194.2398,143.78732,766.86084,897.48254,1024,1024,1
val_446.jpg,202.18958,118.30893,819.7202,935.33203,1024,1024,1
val_448.jpg,224.4343,174.72043,818.99854,944.99036,1024,1024,1
val_45.jpg,218.63785,264.80353,744.9479,866.1158,1024,1024,1
val_450.jpg,236.5871,195.25507,740.7826,953.9637,1024,1024,1
val_451.jpg,271.85596,399.38525,691.99396,908.07434,1024,1024,1
val_452.jpg,316.30423,143.70465,726.812,901.9975,1024,1024,1
val_453.jpg,254.95248,103.598145,825.85754,888.5825,1024,1024,1
val_454.jpg,176.55011,166.26279,846.39197,876.7385,1024,1024,1
val_455.jpg,287.56677,147.8034,864.80493,940.4997,1024,1024,1
val_456.jpg,306.00418,117.70267,856.0731,965.46387,1024,1024,1
val_457.jpg,341.19077,49.39566,931.4481,954.51965,1024,1024,1
val_458.jpg,278.65094,134.06375,778.94476,1012.3596,1024,1024,1
val_459.jpg,179.33249,143.22275,744.5408,976.114,1024,1024,1
val_46.jpg,250.20103,252.2792,721.54224,889.6476,1024,1024,1
val_460.jpg,252.88153,97.788605,827.57025,967.30457,1024,1024,1
val_461.jpg,279.79517,126.8887,889.8987,1000.72595,1024,1024,1
val_462.jpg,95.13335,62.507812,534.9582,492.18207,1024,1024,1
val_463.jpg,219.99747,170.53204,773.1305,894.976,1024,1024,1
val_464.jpg,207.99811,143.03046,811.1089,869.6956,1024,1024,1
val_465.jpg,195.50354,207.87216,780.5429,865.7407,1024,1024,1
val_466.jpg,110.51634,85.558685,604.49756,904.76904,1024,1024,1
val_467.jpg,107.17819,84.55768,705.365,923.3858,1024,1024,1
val_468.jpg,221.62843,79.95407,659.721,948.0217,1024,1024,1
val_47.jpg,238.18112,253.15854,826.6919,890.6903,1024,1024,1
val_470.jpg,252.85902,206.6983,723.3407,943.6186,1024,1024,1
val_471.jpg,191.33087,263.41052,802.99896,886.1001,1024,1024,1
val_472.jpg,290.85864,131.25143,752.8662,933.4674,1024,1024,1
val_473.jpg,260.68903,58.292114,854.9865,980.27856,1024,1024,1
val_474.jpg,201.95038,139.85498,827.95917,880.02295,1024,1024,1
val_475.jpg,242.1569,219.33057,683.9194,926.2134,1024,1024,1
val_476.jpg,284.71228,295.9913,779.75903,960.9165,1024,1024,1
val_477.jpg,250.74847,151.70377,857.6512,950.3961,1024,1024,1
val_478.jpg,249.62378,195.17322,763.8956,866.00366,1024,1024,1
val_479.jpg,280.65015,121.85553,772.5342,977.63727,1024,1024,1
val_48.jpg,279.33322,165.05371,762.89124,907.07275,1024,1024,1
val_480.jpg,422.6631,218.35745,837.49194,918.89746,1024,1024,1
val_481.jpg,295.76126,165.89679,691.7599,783.6919,1024,1024,1
val_482.jpg,166.50903,241.04208,714.77136,965.06836,1024,1024,1
val_483.jpg,326.87415,84.24588,748.2604,979.1948,1024,1024,1
val_484.jpg,227.93082,213.56308,933.2694,909.2883,1024,1024,1
val_486.jpg,235.97891,196.93439,803.0874,738.09143,1024,1024,1
val_487.jpg,170.84805,208.3964,646.53357,882.1461,1024,1024,1
val_488.jpg,232.55737,238.82181,841.824,849.19543,1024,1024,1
val_489.jpg,220.04068,222.53973,775.4613,967.8453,1024,1024,1
val_49.jpg,268.5843,211.68634,761.94916,886.7305,1024,1024,1
val_490.jpg,191.47586,131.76111,749.652,807.6024,1024,1024,1
val_491.jpg,195.64465,121.88669,845.5797,864.63196,1024,1024,1
val_492.jpg,268.10876,226.08539,777.0377,986.2027,1024,1024,1
val_493.jpg,208.74738,89.72638,838.3084,950.1586,1024,1024,1
val_494.jpg,262.57462,160.79425,889.31494,880.63275,1024,1024,1
val_495.jpg,273.42264,188.99493,793.5006,879.3079,1024,1024,1
val_496.jpg,347.02356,272.7137,796.3125,957.37634,1024,1024,1
val_497.jpg,161.83423,149.05597,757.5213,829.88226,1024,1024,1
val_498.jpg,331.43134,172.91943,841.31146,974.08496,1024,1024,1
val_499.jpg,293.2163,168.2409,779.2771,912.75287,1024,1024,1
val_5.jpg,190.72357,160.04831,805.17444,886.49646,1024,1024,1
val_50.jpg,244.63461,172.37915,798.15906,892.1748,1024,1024,1
val_500.jpg,311.65332,117.6181,758.7207,936.5693,1024,1024,1
val_501.jpg,334.89746,227.22165,687.6735,844.1432,1024,1024,1
val_502.jpg,250.27328,87.78488,810.3883,922.6333,1024,1024,1
val_503.jpg,227.10764,180.10837,792.8755,931.6842,1024,1024,1
val_504.jpg,234.79343,152.27292,788.06946,949.28845,1024,1024,1
val_505.jpg,247.68863,132.97003,786.0797,919.1287,1024,1024,1
val_506.jpg,262.8183,201.77151,805.5755,907.949,1024,1024,1
val_507.jpg,193.29898,210.52994,756.24243,843.0454,1024,1024,1
val_508.jpg,244.36642,122.58798,864.1875,873.734,1024,1024,1
val_509.jpg,107.6604,120.30289,821.4573,757.24304,1024,1024,1
val_51.jpg,324.13812,253.69012,773.9876,771.762,1024,1024,1
val_510.jpg,246.81094,188.43326,766.8502,957.27576,1024,1024,1
val_511.jpg,311.51215,151.28363,743.9639,894.6578,1024,1024,1
val_512.jpg,233.56842,233.4823,751.6846,921.7887,1024,1024,1
val_513.jpg,163.88425,160.57465,728.6892,922.41327,1024,1024,1
val_514.jpg,209.85135,47.398804,747.677,772.4337,1024,1024,1
val_515.jpg,360.2359,152.46136,937.0461,865.06946,1024,1024,1
val_516.jpg,157.34085,203.2472,761.1559,860.9398,1024,1024,1
val_517.jpg,295.978,123.08157,669.7168,883.6671,1024,1024,1
val_518.jpg,191.63718,182.32419,832.06946,909.3419,1024,1024,1
val_519.jpg,246.35423,188.10425,730.8574,887.6328,1024,1024,1
val_52.jpg,153.5662,158.96045,721.04736,846.89575,1024,1024,1
val_520.jpg,383.70374,203.2313,692.2335,977.64124,1024,1024,1
val_521.jpg,186.35791,232.02597,753.5961,994.33264,1024,1024,1
val_522.jpg,145.64636,161.28629,806.5741,890.99695,1024,1024,1
val_523.jpg,173.9436,72.83124,938.94324,919.25916,1024,1024,1
val_524.jpg,285.547,167.48398,784.3578,937.1084,1024,1024,1
val_525.jpg,395.42114,123.41379,771.1377,826.9783,1024,1024,1
val_526.jpg,116.605255,183.172,723.84827,835.8579,1024,1024,1
val_527.jpg,186.88464,193.29333,894.0774,931.65295,1024,1024,1
val_528.jpg,281.01367,195.74887,703.68396,866.3401,1024,1024,1
val_529.jpg,128.79419,186.52597,759.47925,920.5127,1024,1024,1
val_53.jpg,267.60657,262.58795,700.0162,688.81134,1024,1024,1
val_530.jpg,289.8778,227.00311,744.9227,922.9223,1024,1024,1
val_531.jpg,344.11548,150.22256,698.97644,796.0619,1024,1024,1
val_532.jpg,188.87106,143.00974,855.04126,880.6196,1024,1024,1
val_533.jpg,95.10068,183.84674,854.5039,771.4972,1024,1024,1
val_534.jpg,242.46246,68.12555,792.74774,860.5848,1024,1024,1
val_535.jpg,256.9546,178.73563,747.4892,883.1398,1024,1024,1
val_536.jpg,204.201,100.7735,709.28546,913.25214,1024,1024,1
val_537.jpg,235.27698,200.08963,794.68835,898.87085,1024,1024,1
val_538.jpg,202.60661,231.6492,699.06396,850.06885,1024,1024,1
val_539.jpg,250.30978,154.53143,806.0582,855.5771,1024,1024,1
val_54.jpg,258.75198,125.08237,805.07983,902.1521,1024,1024,1
val_540.jpg,206.06372,181.31924,799.86115,885.74866,1024,1024,1
val_541.jpg,257.28412,180.04678,745.0483,916.371,1024,1024,1
val_542.jpg,245.8269,162.37323,794.54724,807.7453,1024,1024,1
val_543.jpg,134.88147,141.50998,755.7366,907.9226,1024,1024,1
val_544.jpg,108.6246,192.85019,796.07263,879.87866,1024,1024,1
val_545.jpg,205.26498,159.93848,804.115,901.5364,1024,1024,1
val_546.jpg,189.39377,125.9339,783.422,889.32056,1024,1024,1
val_547.jpg,131.73007,131.2886,763.5713,866.2053,1024,1024,1
val_548.jpg,240.51015,362.28156,721.20636,914.2763,1024,1024,1
val_549.jpg,222.55554,201.43796,784.39453,892.7964,1024,1024,1
val_55.jpg,182.02975,130.99704,812.70667,885.1327,1024,1024,1
val_550.jpg,223.95181,185.341,835.3966,813.16693,1024,1024,1
val_56.jpg,251.626,152.38525,824.6322,949.67786,1024,1024,1
val_57.jpg,231.32565,194.5333,803.213,936.47144,1024,1024,1
val_58.jpg,210.71927,128.24924,760.2837,869.84436,1024,1024,1
val_59.jpg,184.37225,221.87924,771.824,877.2103,1024,1024,1
val_6.jpg,268.40613,172.49835,752.09235,951.1966,1024,1024,1
val_60.jpg,174.76285,31.065155,841.4094,962.5542,1024,1024,1
val_61.jpg,140.73227,234.70541,705.99023,809.76416,1024,1024,1
val_62.jpg,132.41234,231.39749,618.71277,879.38,1024,1024,1
val_63.jpg,171.65155,75.797455,801.3903,920.0647,1024,1024,1
val_64.jpg,329.77188,161.54803,725.1323,584.0437,1024,1024,1
val_65.jpg,230.17072,72.21698,765.75476,937.2917,1024,1024,1
val_66.jpg,235.23996,130.73395,789.33105,965.0059,1024,1024,1
val_67.jpg,273.90686,259.26147,819.27734,811.41907,1024,1024,1
val_68.jpg,351.70157,202.00943,905.5537,904.475,1024,1024,1
val_69.jpg,267.1134,137.72397,734.1495,951.5918,1024,1024,1
val_7.jpg,335.56207,151.05801,770.7353,943.37537,1024,1024,1
val_70.jpg,221.14105,51.02829,602.4516,899.12366,1024,1024,1
val_71.jpg,162.14627,113.43088,817.1681,795.621,1024,1024,1
val_72.jpg,277.24615,199.6763,683.2419,962.9929,1024,1024,1
val_73.jpg,218.75107,128.40363,780.77405,863.3034,1024,1024,1
val_74.jpg,273.69464,140.69507,803.2629,871.28754,1024,1024,1
val_75.jpg,234.55835,73.3356,788.2014,938.8723,1024,1024,1
val_76.jpg,132.58633,23.828033,814.1312,662.41956,1024,1024,1
val_77.jpg,222.52454,207.2284,832.26013,930.3224,1024,1024,1
val_78.jpg,239.58038,213.95956,816.55963,865.44446,1024,1024,1
val_79.jpg,229.15747,144.36197,791.8838,940.818,1024,1024,1
val_8.jpg,274.97894,202.9201,740.3999,802.774,1024,1024,1
val_80.jpg,260.43582,207.90323,776.09766,955.2333,1024,1024,1
val_81.jpg,211.87216,123.184906,848.673,893.09705,1024,1024,1
val_82.jpg,153.02304,317.71338,936.46594,827.56396,1024,1024,1
val_83.jpg,184.6366,210.19833,744.51294,925.594,1024,1024,1
val_85.jpg,161.26057,69.27773,621.8634,753.5416,805,843,1
val_86.jpg,242.83466,138.86789,809.2934,789.1981,1024,1024,1
val_87.jpg,263.16815,193.78339,740.02655,631.46967,1024,1024,1
val_88.jpg,420.82172,208.49686,750.2369,856.053,1024,1024,1
val_89.jpg,273.6673,192.44122,703.3417,789.1972,1024,1024,1
val_9.jpg,259.8941,187.77396,746.30347,763.2788,1024,1024,1
val_90.jpg,253.73297,140.34634,787.9832,970.67224,1024,1024,1
val_92.jpg,242.96246,194.33511,758.51666,982.9501,1024,1024,1
val_93.jpg,183.62726,239.90009,818.44476,921.10504,1024,1024,1
val_94.jpg,245.06734,217.61237,753.96094,852.20355,1024,1024,1
val_95.jpg,225.03513,227.37473,782.25464,905.07263,1024,1024,1
val_96.jpg,242.47708,205.79056,812.47266,900.1902,1024,1024,1
val_97.jpg,236.00357,119.60678,799.2058,945.24756,1024,1024,1
val_98.jpg,262.79016,169.87491,885.8495,946.5123,1024,1024,1
val_99.jpg,261.1902,216.63306,769.3501,909.254,1024,1024,1
